{"cameraMode":{"drawMode":0,"name":"Shaded","section":"Shading Mode"},"sceneLighting":true,"audioPlay":false,"sceneViewState":{"m_AlwaysRefresh":false,"showFog":true,"showSkybox":true,"showFlares":true,"showImageEffects":true,"showParticleSystems":true,"showVisualEffectGraphs":true,"m_FxEnabled":true},"in2DMode":false,"pivot":{"x":2.0947535037994386,"y":1.000033974647522,"z":2.3516461849212648},"rotation":{"x":0.12835928797721864,"y":-0.6361139416694641,"z":0.10842426121234894,"w":0.7530823945999146},"size":12.12435531616211,"orthographic":false}