{"cameraMode":{"drawMode":0,"name":"Shaded","section":"Shading Mode"},"sceneLighting":true,"audioPlay":false,"sceneViewState":{"m_AlwaysRefresh":false,"showFog":true,"showSkybox":true,"showFlares":true,"showImageEffects":true,"showParticleSystems":true,"showVisualEffectGraphs":true,"m_FxEnabled":true},"in2DMode":false,"pivot":{"x":1.6798666715621949,"y":1.6507489681243897,"z":3.2455313205718996},"rotation":{"x":0.02103010006248951,"y":0.4133935570716858,"z":-0.009551744908094406,"w":0.9102646112442017},"size":11.248510360717774,"orthographic":false}