{"cameraMode":{"drawMode":0,"name":"Shaded","section":"Shading Mode"},"sceneLighting":true,"audioPlay":false,"sceneViewState":{"m_AlwaysRefresh":false,"showFog":true,"showSkybox":true,"showFlares":true,"showImageEffects":true,"showParticleSystems":true,"showVisualEffectGraphs":true,"m_FxEnabled":true},"in2DMode":false,"pivot":{"x":-6.257958889007568,"y":2.1172032356262209,"z":3.900043487548828},"rotation":{"x":0.008506884798407555,"y":-0.9347829818725586,"z":0.02243940904736519,"w":0.35441672801971438},"size":0.5173014402389526,"orthographic":false}